,CTUID,YEAR,DWELLING TYPE,BEDROOM TYPE,RENTAL UNIT AMOUNT,POPULATION AMOUNT,AVERAGE RENT
0,1.01,2018,1,0,15,25,705
1,1.01,2018,1,1,815,1089,777
2,1.01,2018,1,2,554,1286,1271
3,1.01,2018,1,3,10,56,1172
4,1.01,2018,2,1,35,167,832
5,1.01,2018,2,2,135,294,919
6,1.01,2018,2,3,635,2482,1231
7,1.01,2018,3,3,10,25,1417
8,1.01,2018,4,2,10,15,1196
9,1.01,2018,4,3,53,177,1436
10,1.04,2018,1,1,10,15,1085
11,1.04,2018,1,2,35,86,1216
12,1.04,2018,1,3,10,30,1048
13,1.04,2018,2,2,10,10,1282
14,1.04,2018,2,3,135,415,1449
15,1.04,2018,3,3,15,56,1078
16,1.04,2018,4,2,10,15,1008
17,1.04,2018,4,3,8,35,1387
18,1.05,2018,2,0,10,10,865
19,1.05,2018,2,1,10,35,982
20,1.05,2018,2,2,110,299,1120
21,1.05,2018,2,3,265,998,1563
22,1.05,2018,3,3,20,66,1163
23,1.05,2018,4,3,9,81,1667
24,1.06,2018,1,1,34,51,1055
25,1.06,2018,1,2,205,390,1260
26,1.06,2018,2,1,10,10,894
27,1.06,2018,2,2,195,486,1134
28,1.06,2018,2,3,245,861,1397
29,1.07,2018,1,0,10,11,920
30,1.07,2018,1,1,10,15,1131
31,1.07,2018,1,2,105,218,1306
32,1.07,2018,2,1,15,20,674
33,1.07,2018,2,2,150,339,680
34,1.07,2018,2,3,125,537,1180
35,1.07,2018,4,3,7,101,1670
36,1.08,2018,1,2,20,15,1189
37,1.08,2018,1,3,10,20,1439
38,1.08,2018,2,1,15,20,970
39,1.08,2018,2,2,60,142,996
40,1.08,2018,2,3,175,684,1533
41,1.08,2018,4,3,33,187,1596
42,2.01,2018,1,1,10,10,1048
43,2.01,2018,2,3,10,35,846
44,2.01,2018,4,3,50,132,1614
45,2.02,2018,1,1,10,10,1111
46,2.02,2018,1,2,10,15,1226
47,2.02,2018,2,3,220,699,1412
48,2.02,2018,4,2,10,10,1112
49,2.04,2018,1,2,25,30,2011
50,2.04,2018,2,3,20,86,1200
51,2.05,2018,1,1,325,436,893
52,2.05,2018,1,2,130,344,1097
53,2.05,2018,1,3,30,101,690
54,2.05,2018,2,1,25,111,615
55,2.05,2018,2,2,115,299,1081
56,2.05,2018,2,3,437,1707,1358
57,2.05,2018,3,3,10,30,1034
58,2.05,2018,4,3,10,56,1926
59,2.06,2018,2,1,10,17,991
60,2.06,2018,2,2,20,20,1111
61,2.06,2018,2,3,89,284,1529
62,2.06,2018,3,3,10,51,1133
63,2.06,2018,4,3,10,51,1773
64,3.0,2018,1,0,25,25,884
65,3.0,2018,1,1,360,461,1012
66,3.0,2018,1,2,300,714,1250
67,3.0,2018,1,3,85,284,1312
68,3.0,2018,2,2,10,20,1466
69,3.0,2018,2,3,20,61,1524
70,3.0,2018,3,3,45,127,1727
71,3.0,2018,4,3,53,187,1499
72,4.0,2018,1,0,0,0,684
73,4.0,2018,1,1,405,476,690
74,4.0,2018,1,2,341,709,1156
75,4.0,2018,1,3,80,198,1210
76,4.0,2018,2,2,10,10,1397
77,4.0,2018,2,3,15,61,1295
78,4.0,2018,3,3,90,304,1442
79,4.0,2018,4,2,10,30,1056
80,4.0,2018,4,3,30,71,1456
81,5.0,2018,1,0,10,10,769
82,5.0,2018,1,1,510,684,1007
83,5.0,2018,1,2,420,957,1127
84,5.0,2018,1,3,20,46,1047
85,5.0,2018,2,3,40,198,1774
86,5.0,2018,3,3,70,198,1224
87,5.0,2018,4,1,9,20,902
88,5.0,2018,4,2,15,25,1432
89,5.0,2018,4,3,93,233,1682
90,6.0,2018,1,1,25,25,1287
91,6.0,2018,1,2,10,10,1601
92,6.0,2018,1,3,15,46,1786
93,6.0,2018,4,2,20,46,1311
94,6.0,2018,4,3,75,198,2026
95,7.01,2018,1,1,290,380,1075
96,7.01,2018,1,2,165,324,1223
97,7.01,2018,1,3,30,46,1610
98,7.01,2018,3,3,10,20,1437
99,7.01,2018,4,3,19,81,1839
100,7.02,2018,1,0,10,30,768
101,7.02,2018,1,1,345,547,996
102,7.02,2018,1,2,655,1804,1121
103,7.02,2018,1,3,45,228,981
104,7.02,2018,2,2,120,355,1204
105,7.02,2018,2,3,280,1287,1453
106,7.03,2018,1,1,40,56,1005
107,7.03,2018,1,2,65,111,1198
108,7.03,2018,2,1,10,41,966
109,7.03,2018,2,3,50,213,1565
110,7.03,2018,3,3,15,46,1153
111,7.03,2018,4,3,69,198,1631
112,8.0,2018,1,1,300,380,1086
113,8.0,2018,1,2,350,679,1285
114,8.0,2018,1,3,135,324,1489
115,8.0,2018,2,2,10,30,1228
116,8.0,2018,2,3,60,233,1273
117,8.0,2018,3,3,20,46,852
118,8.0,2018,4,1,10,15,780
119,8.0,2018,4,2,25,56,1261
120,8.0,2018,4,3,84,253,1449
121,9.0,2018,1,0,10,10,775
122,9.0,2018,1,1,135,172,1048
123,9.0,2018,1,2,199,385,1106
124,9.0,2018,3,3,10,30,1370
125,9.0,2018,4,2,10,25,1262
126,9.0,2018,4,3,44,167,1471
127,10.0,2018,1,0,20,20,600
128,10.0,2018,1,1,635,841,720
129,10.0,2018,1,2,235,532,1080
130,10.0,2018,1,3,10,61,1419
131,10.0,2018,2,2,25,56,685
132,10.0,2018,2,3,175,831,827
133,10.0,2018,3,1,10,10,823
134,10.0,2018,3,3,25,81,1320
135,10.0,2018,4,1,10,10,708
136,10.0,2018,4,3,24,81,1332
137,11.01,2018,1,0,10,10,834
138,11.01,2018,1,1,649,811,973
139,11.01,2018,1,2,423,836,1382
140,11.01,2018,1,3,70,162,1137
141,11.01,2018,2,2,25,46,1698
142,11.01,2018,2,3,260,1059,1253
143,11.01,2018,3,3,20,71,1067
144,11.01,2018,4,2,30,66,1145
145,11.01,2018,4,3,45,117,1375
146,11.03,2018,1,0,10,10,984
147,11.03,2018,1,1,744,1049,1150
148,11.03,2018,1,2,714,1540,1488
149,11.03,2018,1,3,90,274,1703
150,11.03,2018,2,3,9,35,1204
151,11.04,2018,1,1,460,669,900
152,11.04,2018,1,2,284,628,1070
153,11.04,2018,2,2,25,76,1086
154,11.04,2018,2,3,140,426,1490
155,11.04,2018,4,3,50,127,1875
156,12.0,2018,1,0,70,77,241
157,12.0,2018,1,1,262,312,550
158,12.0,2018,1,2,53,92,1298
159,12.0,2018,1,3,59,184,969
160,12.0,2018,2,3,289,1108,1107
161,12.0,2018,3,1,10,10,847
162,12.0,2018,3,3,220,935,1175
163,12.0,2018,4,1,9,10,782
164,12.0,2018,4,2,15,36,1467
165,12.0,2018,4,3,138,531,1252
166,13.0,2018,1,0,90,61,290
167,13.0,2018,1,1,693,649,705
168,13.0,2018,1,2,431,618,1265
169,13.0,2018,1,3,122,286,1421
170,13.0,2018,2,2,74,174,1329
171,13.0,2018,2,3,131,495,1206
172,13.0,2018,3,1,10,15,825
173,13.0,2018,3,2,10,36,1927
174,13.0,2018,3,3,75,317,980
175,13.0,2018,4,1,10,10,1211
176,13.0,2018,4,2,25,51,1455
177,13.0,2018,4,3,54,117,1562
178,14.0,2018,1,0,7,11,465
179,14.0,2018,1,1,239,286,525
180,14.0,2018,1,2,274,669,683
181,14.0,2018,1,3,130,506,840
182,14.0,2018,2,2,25,46,898
183,14.0,2018,2,3,59,276,730
184,15.0,2018,1,0,1,10,940
185,15.0,2018,1,1,815,1170,1149
186,15.0,2018,1,2,641,1339,1394
187,15.0,2018,1,3,97,261,1493
188,15.0,2018,2,1,10,10,1230
189,15.0,2018,2,2,26,46,1746
190,15.0,2018,2,3,29,87,1835
191,15.0,2018,3,2,10,15,1248
192,15.0,2018,3,3,25,72,1911
193,15.0,2018,4,2,9,10,1441
194,15.0,2018,4,3,40,97,2000
195,16.0,2018,1,1,89,118,663
196,16.0,2018,1,2,135,256,1322
197,16.0,2018,1,3,20,51,2013
198,16.0,2018,2,3,25,72,1787
199,16.0,2018,3,2,10,10,1505
200,16.0,2018,3,3,10,15,1517
201,16.0,2018,4,2,10,15,1549
202,16.0,2018,4,3,47,138,1802
203,17.0,2018,1,0,17,15,1117
204,17.0,2018,1,1,96,123,1215
205,17.0,2018,1,2,78,138,1440
206,17.0,2018,1,3,41,92,2288
207,17.0,2018,2,2,14,41,1798
208,17.0,2018,2,3,18,31,1781
209,17.0,2018,3,2,10,20,1830
210,17.0,2018,3,3,45,133,1968
211,17.0,2018,4,3,74,261,2031
212,18.0,2018,1,0,33,36,1298
213,18.0,2018,1,1,447,598,1339
214,18.0,2018,1,2,369,634,1663
215,18.0,2018,1,3,69,184,2320
216,18.0,2018,2,2,14,15,1810
217,18.0,2018,3,3,10,41,2407
218,18.0,2018,4,1,10,10,1299
219,18.0,2018,4,3,22,92,2208
220,18.0,2018,5,2,10,10,1049
221,19.0,2018,1,0,25,26,588
222,19.0,2018,1,1,220,276,1010
223,19.0,2018,1,2,180,383,1586
224,19.0,2018,1,3,66,148,1885
225,19.0,2018,2,2,15,20,1114
226,19.0,2018,3,1,10,10,1079
227,19.0,2018,3,3,45,123,1619
228,19.0,2018,4,2,20,51,1766
229,19.0,2018,4,3,3,20,2020
230,20.01,2018,1,0,40,46,1152
231,20.01,2018,1,1,590,820,1087
232,20.01,2018,1,2,330,653,1301
233,20.01,2018,1,3,98,197,1068
234,20.01,2018,2,2,20,35,264
235,20.01,2018,2,3,245,881,1193
236,20.01,2018,3,3,40,127,1291
237,20.01,2018,4,3,30,137,1619
238,20.02,2018,1,2,10,10,1565
239,20.02,2018,1,3,10,10,1650
240,20.02,2018,2,3,35,116,1136
241,20.02,2018,3,3,10,41,839
242,20.02,2018,4,2,38,46,1128
243,20.02,2018,4,3,83,243,2021
244,21.0,2018,1,0,20,20,790
245,21.0,2018,1,1,740,992,1025
246,21.0,2018,1,2,344,709,1145
247,21.0,2018,1,3,85,233,1131
248,21.0,2018,2,1,10,30,727
249,21.0,2018,2,2,25,56,1357
250,21.0,2018,2,3,179,663,1021
251,21.0,2018,3,2,10,10,1788
252,21.0,2018,3,3,95,359,1159
253,21.0,2018,4,1,10,10,1027
254,21.0,2018,4,2,35,76,1493
255,21.0,2018,4,3,46,111,1475
256,22.0,2018,1,0,40,46,754
257,22.0,2018,1,1,913,1124,688
258,22.0,2018,1,2,674,1509,979
259,22.0,2018,1,3,38,132,895
260,22.0,2018,2,1,10,25,614
261,22.0,2018,2,2,10,20,818
262,22.0,2018,2,3,175,800,916
263,22.0,2018,3,2,25,56,1090
264,22.0,2018,3,3,45,192,1467
265,22.0,2018,4,2,10,20,1474
266,22.0,2018,4,3,42,127,1345
267,23.01,2018,1,0,10,11,903
268,23.01,2018,1,1,295,435,1051
269,23.01,2018,1,2,330,673,1286
270,23.01,2018,1,3,130,365,1231
271,23.01,2018,2,2,80,177,1389
272,23.01,2018,2,3,100,334,1618
273,23.01,2018,3,2,10,15,1141
274,23.01,2018,3,3,100,314,1354
275,23.01,2018,4,1,10,10,822
276,23.01,2018,4,2,20,30,1380
277,23.01,2018,4,3,18,106,1456
278,23.02,2018,1,0,10,10,1524
279,23.02,2018,1,1,205,284,1244
280,23.02,2018,1,2,84,147,1352
281,23.02,2018,2,2,64,157,1609
282,23.02,2018,2,3,49,142,1518
283,23.02,2018,4,2,10,19,1886
284,23.02,2018,4,3,9,51,1966
285,24.0,2018,1,0,20,20,824
286,24.0,2018,1,1,210,289,1064
287,24.0,2018,1,2,160,324,1251
288,24.0,2018,1,3,10,20,1283
289,24.0,2018,2,3,10,30,1404
290,24.0,2018,3,1,10,10,955
291,24.0,2018,4,3,54,162,1456
292,25.0,2018,1,0,10,15,859
293,25.0,2018,1,1,150,220,1078
294,25.0,2018,1,2,125,215,1250
295,25.0,2018,1,3,54,128,1289
296,25.0,2018,2,3,33,41,1371
297,25.0,2018,3,1,20,31,1084
298,25.0,2018,3,2,10,10,1384
299,25.0,2018,3,3,40,128,1680
300,25.0,2018,4,3,74,225,1743
301,26.0,2018,1,1,295,421,1105
302,26.0,2018,1,2,235,567,1186
303,26.0,2018,1,3,50,161,990
304,26.0,2018,2,1,10,17,584
305,26.0,2018,2,2,25,50,775
306,26.0,2018,2,3,120,527,873
307,26.0,2018,3,2,10,15,1922
308,26.0,2018,3,3,25,95,1229
309,26.0,2018,4,2,14,40,1380
310,26.0,2018,4,3,115,296,1368
311,27.0,2018,1,0,20,25,899
312,27.0,2018,1,1,400,532,1180
313,27.0,2018,1,2,280,577,1343
314,27.0,2018,1,3,29,85,1403
315,27.0,2018,2,1,10,20,869
316,27.0,2018,2,2,150,306,1079
317,27.0,2018,2,3,229,687,1367
318,27.0,2018,3,3,10,25,1296
319,28.0,2018,1,0,10,10,737
320,28.0,2018,1,1,139,225,1066
321,28.0,2018,1,2,289,670,860
322,28.0,2018,1,3,210,798,1159
323,28.0,2018,2,3,105,460,1271
324,28.0,2018,3,3,70,210,1433
325,28.0,2018,4,2,10,20,1266
326,28.0,2018,4,3,50,118,1455
327,28.0,2018,5,3,10,36,824
328,29.0,2018,1,0,55,82,803
329,29.0,2018,1,1,615,870,932
330,29.0,2018,1,2,494,941,1184
331,29.0,2018,1,3,105,235,1370
332,29.0,2018,2,1,10,36,651
333,29.0,2018,2,2,40,107,1245
334,29.0,2018,2,3,315,1330,924
335,29.0,2018,3,3,10,36,1323
336,29.0,2018,4,2,17,31,1348
337,29.0,2018,4,3,10,41,1500
338,30.0,2018,1,0,45,51,800
339,30.0,2018,1,1,1224,1540,949
340,30.0,2018,1,2,805,1571,1241
341,30.0,2018,1,3,183,522,1111
342,30.0,2018,2,2,40,72,1078
343,30.0,2018,2,3,85,292,833
344,30.0,2018,3,2,10,26,1587
345,30.0,2018,3,3,65,194,1490
346,30.0,2018,4,2,9,26,1452
347,30.0,2018,4,3,19,46,1581
348,31.0,2018,1,0,20,26,1117
349,31.0,2018,1,1,583,691,906
350,31.0,2018,1,2,699,1356,1262
351,31.0,2018,1,3,59,148,1313
352,31.0,2018,2,3,10,41,1626
353,31.0,2018,3,2,25,46,1302
354,31.0,2018,3,3,25,77,1773
355,31.0,2018,4,2,20,31,1268
356,31.0,2018,4,3,19,67,1599
357,32.01,2018,1,0,40,46,950
358,32.01,2018,1,1,639,793,1093
359,32.01,2018,1,2,530,1003,1342
360,32.01,2018,1,3,35,87,1052
361,32.01,2018,2,3,15,31,1429
362,32.01,2018,3,3,10,15,1085
363,32.01,2018,4,3,9,20,1841
364,32.02,2018,1,0,26,20,910
365,32.02,2018,1,1,540,686,927
366,32.02,2018,1,2,207,343,1431
367,32.02,2018,1,3,5,16,1524
368,32.02,2018,3,3,10,20,936
369,32.02,2018,4,3,18,67,1987
370,33.01,2018,1,0,10,10,1020
371,33.01,2018,1,1,215,271,1201
372,33.01,2018,1,2,378,645,1586
373,33.01,2018,1,3,70,189,1408
374,33.01,2018,2,3,38,133,1265
375,33.01,2018,3,1,10,10,1402
376,33.01,2018,3,3,65,210,2171
377,33.01,2018,4,1,9,10,1187
378,33.01,2018,4,2,13,31,2037
379,33.01,2018,4,3,41,164,2104
380,33.02,2018,1,0,10,10,865
381,33.02,2018,1,1,429,486,1005
382,33.02,2018,1,2,176,312,1655
383,33.02,2018,1,3,16,51,1473
384,33.02,2018,2,2,10,10,1091
385,33.02,2018,2,3,10,26,1527
386,33.02,2018,3,3,45,128,1654
387,33.02,2018,4,2,14,20,1514
388,33.02,2018,4,3,23,77,2131
389,34.0,2018,1,1,9,35,1516
390,34.0,2018,1,2,54,106,1593
391,34.0,2018,1,3,7,25,1914
392,34.0,2018,2,1,10,10,951
393,34.0,2018,3,3,75,213,2009
394,34.0,2018,4,2,10,15,1639
395,34.0,2018,4,3,19,66,2038
396,35.0,2018,1,0,34,36,944
397,35.0,2018,1,1,771,1012,1179
398,35.0,2018,1,2,479,874,1583
399,35.0,2018,1,3,45,143,1106
400,35.0,2018,2,1,15,20,1105
401,35.0,2018,2,2,21,77,1619
402,35.0,2018,2,3,32,107,1900
403,35.0,2018,3,1,10,20,1173
404,35.0,2018,3,2,25,61,1589
405,35.0,2018,3,3,25,51,1871
406,35.0,2018,4,1,10,10,827
407,35.0,2018,4,2,14,31,1363
408,35.0,2018,4,3,39,133,1482
409,36.0,2018,1,1,196,250,1274
410,36.0,2018,1,2,183,332,1730
411,36.0,2018,1,3,40,92,2519
412,36.0,2018,3,2,10,10,1585
413,36.0,2018,3,3,40,107,1725
414,36.0,2018,4,1,10,10,1376
415,37.0,2018,1,0,393,434,911
416,37.0,2018,1,1,3525,4385,1151
417,37.0,2018,1,2,980,1911,1607
418,37.0,2018,1,3,159,434,1494
419,37.0,2018,2,2,15,31,1441
420,37.0,2018,2,3,10,46,1682
421,37.0,2018,3,3,10,15,1265
422,37.0,2018,4,2,9,15,1642
423,38.0,2018,1,0,109,143,913
424,38.0,2018,1,1,2087,2530,1084
425,38.0,2018,1,2,636,1288,1693
426,38.0,2018,1,3,72,210,1601
427,38.0,2018,2,2,10,20,2390
428,38.0,2018,3,2,20,36,1271
429,38.0,2018,4,1,10,10,1094
430,38.0,2018,4,2,10,10,1422
431,38.0,2018,4,3,16,15,1911
432,39.0,2018,1,0,13,20,955
433,39.0,2018,1,1,406,547,1168
434,39.0,2018,1,2,309,562,1416
435,39.0,2018,1,3,104,317,1564
436,39.0,2018,2,1,10,10,1208
437,39.0,2018,2,2,19,36,1810
438,39.0,2018,2,3,25,92,1603
439,39.0,2018,3,1,10,10,1205
440,39.0,2018,3,2,15,31,1897
441,39.0,2018,3,3,60,164,1581
442,39.0,2018,4,1,10,10,1087
443,40.0,2018,1,0,58,61,793
444,40.0,2018,1,1,932,1257,1101
445,40.0,2018,1,2,444,905,1531
446,40.0,2018,1,3,111,291,1159
447,40.0,2018,2,1,10,15,1126
448,40.0,2018,2,2,50,82,1706
449,40.0,2018,2,3,49,133,1543
450,40.0,2018,3,2,10,15,2038
451,40.0,2018,3,3,10,26,1965
452,40.0,2018,4,1,14,20,1193
453,40.0,2018,4,3,17,20,2002
454,41.0,2018,1,0,45,46,739
455,41.0,2018,1,1,594,782,939
456,41.0,2018,1,2,342,669,1175
457,41.0,2018,1,3,79,220,1604
458,41.0,2018,2,1,25,36,1145
459,41.0,2018,2,2,75,128,1293
460,41.0,2018,2,3,114,312,1333
461,41.0,2018,3,1,10,20,1072
462,41.0,2018,3,2,35,72,1362
463,41.0,2018,4,3,10,72,1566
464,42.0,2018,1,0,56,56,876
465,42.0,2018,1,1,944,1216,898
466,42.0,2018,1,2,256,531,1205
467,42.0,2018,1,3,93,286,1313
468,42.0,2018,2,1,10,10,644
469,42.0,2018,2,2,21,61,1035
470,42.0,2018,2,3,105,393,854
471,42.0,2018,3,1,20,31,1245
472,42.0,2018,3,2,20,31,1347
473,42.0,2018,3,3,25,97,1444
474,42.0,2018,4,2,9,36,1395
475,42.0,2018,4,3,8,20,1753
476,43.0,2018,1,0,54,56,980
477,43.0,2018,1,1,677,834,1100
478,43.0,2018,1,2,448,865,1496
479,43.0,2018,1,3,32,82,1638
480,43.0,2018,2,1,11,10,843
481,43.0,2018,2,2,19,41,1612
482,43.0,2018,2,3,12,41,1098
483,43.0,2018,3,2,10,26,1493
484,43.0,2018,3,3,50,179,1900
485,43.0,2018,4,2,14,31,1576
486,43.0,2018,4,3,33,143,2006
487,44.0,2018,1,0,15,15,1145
488,44.0,2018,1,1,40,61,1107
489,44.0,2018,1,2,54,92,1667
490,44.0,2018,1,3,9,20,1162
491,44.0,2018,3,3,55,113,1895
492,44.0,2018,4,3,17,36,2284
493,45.0,2018,1,0,41,41,669
494,45.0,2018,1,1,921,1064,1241
495,45.0,2018,1,2,536,952,1749
496,45.0,2018,1,3,173,425,1942
497,45.0,2018,2,0,10,5,1008
498,45.0,2018,2,2,15,51,1290
499,45.0,2018,2,3,39,123,1794
500,45.0,2018,3,1,15,15,1552
501,45.0,2018,3,3,40,123,2341
502,45.0,2018,4,1,14,15,1147
503,45.0,2018,4,2,28,56,1528
504,45.0,2018,4,3,74,235,1849
505,46.0,2018,1,0,55,51,738
506,46.0,2018,1,1,1241,1520,976
507,46.0,2018,1,2,613,1274,1443
508,46.0,2018,1,3,85,333,1123
509,46.0,2018,2,3,7,26,1794
510,46.0,2018,3,1,25,31,1249
511,46.0,2018,3,3,35,77,1604
512,46.0,2018,4,1,8,10,963
513,46.0,2018,4,2,23,41,1556
514,46.0,2018,4,3,29,72,1368
515,47.0,2018,1,0,10,15,1218
516,47.0,2018,1,1,158,217,1483
517,47.0,2018,1,2,51,116,2184
518,48.0,2018,1,0,71,91,1135
519,48.0,2018,1,1,1121,1335,1405
520,48.0,2018,1,2,941,1613,1745
521,48.0,2018,1,3,36,61,1826
522,48.0,2018,2,3,10,15,1322
523,49.0,2018,1,0,77,102,989
524,49.0,2018,1,1,712,905,1200
525,49.0,2018,1,2,382,644,1675
526,49.0,2018,1,3,54,112,2053
527,49.0,2018,2,2,9,20,1846
528,49.0,2018,2,3,8,31,1372
529,49.0,2018,3,2,10,15,1321
530,49.0,2018,3,3,10,10,613
531,50.0,2018,1,1,143,189,1564
532,50.0,2018,1,2,128,210,1697
533,50.0,2018,1,3,44,66,1982
534,50.0,2018,2,3,10,10,1786
535,50.0,2018,4,2,9,10,1445
536,51.0,2018,1,0,114,97,863
537,51.0,2018,1,1,981,1165,997
538,51.0,2018,1,2,497,797,1306
539,51.0,2018,1,3,223,516,1769
540,51.0,2018,2,1,10,10,991
541,51.0,2018,2,2,26,46,1567
542,51.0,2018,2,3,48,128,1081
543,51.0,2018,3,3,50,143,1830
544,51.0,2018,4,1,9,10,1106
545,51.0,2018,4,3,45,118,2055
546,52.0,2018,1,0,43,41,901
547,52.0,2018,1,1,933,1088,1073
548,52.0,2018,1,2,672,1145,1481
549,52.0,2018,1,3,239,501,1908
550,52.0,2018,2,2,10,10,1720
551,52.0,2018,2,3,25,66,1814
552,52.0,2018,3,1,10,10,1248
553,52.0,2018,4,1,15,15,1037
554,52.0,2018,4,3,33,118,1919
555,53.0,2018,1,0,70,82,607
556,53.0,2018,1,1,1315,1686,1025
557,53.0,2018,1,2,405,807,1352
558,53.0,2018,1,3,51,158,1369
559,53.0,2018,2,2,10,20,2118
560,53.0,2018,2,3,94,312,1033
561,53.0,2018,3,2,15,36,1317
562,53.0,2018,4,3,20,46,532
563,54.0,2018,1,0,27,25,891
564,54.0,2018,1,1,677,819,1280
565,54.0,2018,1,2,303,607,1843
566,54.0,2018,1,3,30,66,2526
567,54.0,2018,2,1,10,10,1111
568,54.0,2018,3,1,10,10,1069
569,55.0,2018,1,0,24,31,931
570,55.0,2018,1,1,476,593,1224
571,55.0,2018,1,2,159,281,1433
572,55.0,2018,1,3,36,123,1638
573,55.0,2018,2,1,10,10,915
574,55.0,2018,2,2,29,61,1352
575,55.0,2018,2,3,24,102,1169
576,55.0,2018,3,1,10,15,1091
577,55.0,2018,3,2,15,20,1592
578,55.0,2018,3,3,15,31,1899
579,55.0,2018,4,3,3,20,2338
580,56.0,2018,1,0,21,36,470
581,56.0,2018,1,1,579,695,754
582,56.0,2018,1,2,261,567,1130
583,56.0,2018,1,3,109,337,1184
584,56.0,2018,2,1,29,41,874
585,56.0,2018,2,2,110,189,1605
586,56.0,2018,2,3,195,726,1330
587,56.0,2018,3,1,10,15,1017
588,56.0,2018,3,2,25,51,1576
589,56.0,2018,3,3,20,31,1339
590,56.0,2018,4,1,10,10,890
591,57.0,2018,1,1,57,97,1159
592,57.0,2018,1,2,180,266,1430
593,57.0,2018,1,3,29,56,1959
594,57.0,2018,2,2,10,36,1635
595,57.0,2018,2,3,28,66,1456
596,57.0,2018,3,1,10,10,1220
597,57.0,2018,3,3,10,51,1103
598,57.0,2018,4,2,8,19,1331
599,57.0,2018,4,3,23,61,1572
600,58.0,2018,1,0,25,26,1031
601,58.0,2018,1,1,380,465,1132
602,58.0,2018,1,2,265,444,1705
603,58.0,2018,1,3,35,92,1695
604,58.0,2018,2,1,10,10,1393
605,58.0,2018,2,2,10,15,1778
606,58.0,2018,2,3,10,15,1590
607,58.0,2018,3,1,10,10,1604
608,58.0,2018,3,2,15,31,2023
609,58.0,2018,3,3,40,112,2335
610,58.0,2018,4,3,25,72,2264
611,59.0,2018,1,0,10,10,1080
612,59.0,2018,1,1,20,36,1324
613,59.0,2018,1,2,30,51,1756
614,59.0,2018,2,1,50,87,906
615,59.0,2018,2,2,304,664,1197
616,59.0,2018,2,3,150,485,1167
617,59.0,2018,4,2,9,31,2116
618,59.0,2018,4,3,33,102,2033
619,60.0,2018,1,0,25,27,702
620,60.0,2018,1,1,736,853,721
621,60.0,2018,1,2,597,1062,1175
622,60.0,2018,1,3,94,220,1225
623,60.0,2018,2,2,145,337,1183
624,60.0,2018,2,3,40,143,1284
625,61.0,2018,1,0,10,10,759
626,61.0,2018,1,1,509,649,989
627,61.0,2018,1,2,340,669,1156
628,61.0,2018,1,3,90,184,1399
629,61.0,2018,2,2,35,82,1094
630,61.0,2018,2,3,210,679,1306
631,61.0,2018,3,1,10,10,924
632,61.0,2018,3,2,15,36,1388
633,61.0,2018,3,3,140,424,1274
634,61.0,2018,4,1,9,10,1067
635,61.0,2018,4,2,13,36,1126
636,61.0,2018,4,3,25,51,1412
637,62.01,2018,1,0,10,11,883
638,62.01,2018,1,1,355,450,991
639,62.01,2018,1,2,423,788,1356
640,62.01,2018,1,3,138,322,1569
641,62.01,2018,2,1,15,10,929
642,62.01,2018,2,2,60,143,1011
643,62.01,2018,2,3,270,921,1329
644,62.01,2018,3,3,10,31,587
645,62.01,2018,4,2,10,15,1325
646,62.01,2018,4,3,20,61,1359
647,62.02,2018,1,0,10,10,673
648,62.02,2018,1,1,210,251,957
649,62.02,2018,1,2,145,292,1063
650,62.02,2018,1,3,34,118,732
651,62.02,2018,2,1,10,17,888
652,62.02,2018,2,2,65,118,1111
653,62.02,2018,2,3,75,343,1083
654,62.02,2018,3,3,10,36,1635
655,62.02,2018,4,0,10,10,1374
656,100.0,2018,1,1,664,863,871
657,100.0,2018,1,2,625,1440,1038
658,100.0,2018,1,3,64,184,788
659,100.0,2018,4,2,10,10,1395
660,100.0,2018,4,3,16,72,1141
661,101.0,2018,1,0,36,41,702
662,101.0,2018,1,1,461,572,973
663,101.0,2018,1,2,395,705,1047
664,101.0,2018,1,3,28,66,1427
665,101.0,2018,2,1,9,10,986
666,101.0,2018,2,2,14,31,1591
667,101.0,2018,2,3,30,87,1113
668,101.0,2018,3,1,10,15,577
669,101.0,2018,3,3,10,26,1165
670,101.0,2018,4,1,9,10,792
671,101.0,2018,4,2,9,20,1511
672,101.0,2018,4,3,7,41,1321
673,102.0,2018,1,1,756,909,846
674,102.0,2018,1,2,409,725,1176
675,102.0,2018,1,3,95,312,1536
676,102.0,2018,2,3,33,87,1370
677,102.0,2018,3,1,15,15,792
678,102.0,2018,3,2,10,15,1032
679,102.0,2018,3,3,35,92,1477
680,102.0,2018,4,1,10,10,815
681,102.0,2018,4,2,15,36,1138
682,103.0,2018,1,0,19,15,819
683,103.0,2018,1,1,446,598,968
684,103.0,2018,1,2,527,1042,1185
685,103.0,2018,1,3,209,654,1350
686,103.0,2018,2,2,40,82,1065
687,103.0,2018,2,3,20,51,995
688,103.0,2018,3,1,10,10,752
689,103.0,2018,3,2,15,31,892
690,103.0,2018,3,3,20,41,1106
691,103.0,2018,4,2,20,36,1133
692,103.0,2018,4,3,13,36,1637
693,104.0,2018,1,0,10,15,883
694,104.0,2018,1,1,368,480,1144
695,104.0,2018,1,2,477,899,1251
696,104.0,2018,1,3,90,199,1485
697,104.0,2018,2,1,10,10,1122
698,104.0,2018,2,3,15,41,1801
699,104.0,2018,3,2,10,10,1169
700,104.0,2018,3,3,10,15,1411
701,104.0,2018,4,1,10,15,902
702,104.0,2018,4,2,9,10,1245
703,104.0,2018,4,3,9,20,1033
704,110.0,2018,1,1,10,15,1130
705,110.0,2018,1,3,10,26,1506
706,110.0,2018,2,2,10,10,2080
707,110.0,2018,4,3,50,153,2829
708,120.01,2018,4,3,18,72,2273
709,120.02,2018,1,0,10,10,733
710,120.02,2018,2,3,80,220,1478
711,120.02,2018,3,3,10,20,1399
712,120.02,2018,4,3,10,31,1256
713,120.03,2018,1,1,30,72,968
714,120.03,2018,1,2,185,414,1063
715,120.03,2018,2,2,30,82,1324
716,120.03,2018,2,3,250,931,1485
717,120.03,2018,4,3,25,92,1651
718,121.01,2018,1,1,10,10,1044
719,121.01,2018,1,2,80,123,985
720,121.01,2018,1,3,20,56,1843
721,121.01,2018,2,2,10,23,1384
722,121.01,2018,2,3,215,711,1466
723,121.01,2018,3,2,10,15,1154
724,121.01,2018,3,3,20,10,1361
725,121.01,2018,4,1,10,10,968
726,121.01,2018,4,2,9,10,2118
727,121.01,2018,4,3,40,107,1623
728,121.02,2018,1,1,85,118,942
729,121.02,2018,1,2,229,481,1106
730,121.02,2018,1,3,174,547,1209
731,121.02,2018,2,2,15,41,1781
732,121.02,2018,2,3,30,123,1436
733,121.02,2018,3,3,10,10,1868
734,121.02,2018,4,2,10,26,1492
735,121.02,2018,4,3,10,31,1392
736,122.01,2018,1,0,10,10,868
737,122.01,2018,1,1,39,113,1035
738,122.01,2018,1,2,281,706,1266
739,122.01,2018,1,3,125,578,1367
740,122.01,2018,2,1,15,36,527
741,122.01,2018,2,2,74,230,1155
742,122.01,2018,2,3,200,829,1424
743,122.02,2018,1,1,70,77,882
744,122.02,2018,1,2,105,210,1071
745,122.02,2018,1,3,15,56,1453
746,122.02,2018,2,2,20,56,1280
747,122.02,2018,2,3,490,1739,1471
748,122.02,2018,4,2,10,26,1465
749,122.02,2018,4,3,53,179,1514
750,122.03,2018,1,0,3,10,794
751,122.03,2018,1,1,303,322,1084
752,122.03,2018,1,2,211,435,1189
753,122.03,2018,1,3,67,189,1594
754,122.03,2018,2,2,40,67,1534
755,122.03,2018,2,3,170,578,1308
756,122.03,2018,3,3,10,31,1263
757,122.03,2018,4,3,20,51,1475
758,123.01,2018,1,0,15,20,837
759,123.01,2018,1,1,365,552,1007
760,123.01,2018,1,2,382,896,1380
761,123.01,2018,1,3,10,10,1537
762,123.01,2018,2,2,15,51,1628
763,123.01,2018,2,3,395,1641,1449
764,123.01,2018,3,3,20,76,1410
765,123.01,2018,4,2,20,30,1308
766,123.01,2018,4,3,30,86,1639
767,123.02,2018,1,1,25,30,829
768,123.02,2018,1,2,50,111,1186
769,123.02,2018,2,2,50,101,1067
770,123.02,2018,2,3,290,983,1546
771,123.02,2018,3,3,55,182,1611
772,123.02,2018,4,1,10,15,1041
773,123.02,2018,4,2,15,61,1425
774,123.02,2018,4,3,114,370,1821
775,124.01,2018,1,1,45,46,1069
776,124.01,2018,1,2,115,159,1393
777,124.01,2018,1,3,35,82,1516
778,124.01,2018,2,2,10,10,1164
779,124.01,2018,2,3,100,318,1322
780,124.01,2018,4,2,10,20,1318
781,124.01,2018,4,3,10,41,1498
782,124.02,2018,1,1,54,77,1031
783,124.02,2018,1,2,130,200,1412
784,124.02,2018,1,3,10,20,1226
785,124.02,2018,2,2,10,36,1137
786,124.02,2018,2,3,55,205,1518
787,124.02,2018,3,3,25,41,1416
788,124.03,2018,1,1,120,128,2010
789,124.03,2018,1,2,85,154,1645
790,124.03,2018,1,3,10,26,1090
791,124.03,2018,4,3,25,87,1490
792,124.04,2018,2,2,15,36,882
793,124.04,2018,2,3,110,277,1470
794,124.04,2018,3,2,10,10,1064
795,124.04,2018,4,1,10,10,894
796,124.04,2018,4,3,15,61,1562
797,125.01,2018,1,1,35,35,1036
798,125.01,2018,1,2,205,415,1150
799,125.01,2018,1,3,40,127,1336
800,125.01,2018,2,3,65,238,1449
801,125.01,2018,3,3,10,10,959
802,125.01,2018,4,3,30,76,1490
803,125.02,2018,1,1,7,15,1152
804,125.02,2018,1,2,55,127,1270
805,125.02,2018,1,3,9,35,1676
806,125.02,2018,2,1,20,41,948
807,125.02,2018,2,2,65,147,989
808,125.02,2018,2,3,224,760,1355
809,125.02,2018,3,3,10,10,1342
810,125.02,2018,4,3,10,46,1223
811,125.03,2018,2,3,10,10,1449
812,125.03,2018,3,2,10,10,1137
813,125.03,2018,4,2,10,15,1162
814,125.03,2018,4,3,30,76,1472
815,125.04,2018,4,1,10,15,1714
816,125.04,2018,4,2,10,26,1441
817,125.04,2018,4,3,35,138,1600
818,125.05,2018,1,1,29,31,914
819,125.05,2018,1,2,15,46,1530
820,125.05,2018,2,2,10,10,917
821,125.05,2018,2,3,30,56,1302
822,125.05,2018,3,2,10,10,1114
823,125.05,2018,3,3,20,46,880
824,125.05,2018,4,1,15,20,2282
825,125.05,2018,4,2,10,10,1363
826,125.05,2018,4,3,20,77,1606
827,125.06,2018,1,1,15,26,767
828,125.06,2018,1,2,96,123,1379
829,125.06,2018,1,3,30,97,1602
830,125.06,2018,2,2,52,92,1517
831,125.06,2018,2,3,95,297,1866
832,125.06,2018,3,3,10,46,1338
833,125.06,2018,4,2,20,61,1421
834,125.06,2018,4,3,25,102,2051
835,125.07,2018,1,1,30,72,766
836,125.07,2018,1,2,120,282,1263
837,125.07,2018,1,3,70,215,970
838,125.07,2018,2,3,190,579,1717
839,125.07,2018,3,3,20,36,1669
840,125.07,2018,4,3,10,15,1505
841,125.08,2018,1,2,15,26,1115
842,125.08,2018,1,3,20,61,682
843,125.08,2018,2,2,25,41,783
844,125.08,2018,2,3,95,323,1372
845,125.08,2018,3,2,10,10,1091
846,125.08,2018,4,2,10,10,1444
847,125.08,2018,4,3,35,138,1495
848,125.09,2018,1,1,9,10,1174
849,125.09,2018,1,2,25,36,1413
850,125.09,2018,1,3,10,20,1708
851,125.09,2018,2,2,20,61,1562
852,125.09,2018,2,3,250,825,1485
853,125.09,2018,4,2,10,15,1582
854,125.09,2018,4,3,10,10,1793
855,126.03,2018,1,1,10,11,1274
856,126.03,2018,1,2,55,123,1523
857,126.03,2018,2,3,60,219,1893
858,126.03,2018,3,3,40,107,2033
859,126.03,2018,4,2,10,27,1645
860,126.03,2018,4,3,65,219,2362
861,126.04,2018,1,2,9,10,2513
862,126.04,2018,1,3,10,10,2914
863,126.04,2018,2,3,35,77,1827
864,126.04,2018,3,1,10,10,897
865,126.04,2018,3,3,10,10,1351
866,126.04,2018,4,0,10,3,1319
867,126.04,2018,4,1,10,15,1065
868,126.04,2018,4,2,39,87,1266
869,126.04,2018,4,3,103,343,1913
870,126.04,2018,5,1,10,10,530
871,126.04,2018,5,2,35,61,592
872,126.04,2018,5,3,15,36,755
873,126.05,2018,1,2,10,37,1496
874,126.05,2018,2,2,10,11,1416
875,126.05,2018,2,3,45,154,1642
876,126.05,2018,3,2,10,11,1829
877,126.05,2018,3,3,15,37,1509
878,126.05,2018,4,2,10,20,1611
879,126.05,2018,4,3,25,69,2252
880,126.06,2018,1,2,14,27,1413
881,126.06,2018,2,2,10,27,1476
882,126.06,2018,2,3,104,378,1839
883,126.06,2018,3,2,10,11,995
884,126.06,2018,4,2,10,32,1709
885,126.06,2018,4,3,10,37,2295
886,127.0,2018,1,1,50,71,843
887,127.0,2018,1,2,115,279,978
888,127.0,2018,2,2,10,22,1240
889,127.0,2018,2,3,370,856,1290
890,127.0,2018,3,2,10,20,1546
891,127.0,2018,3,3,55,203,1549
892,127.0,2018,4,2,55,96,1461
893,127.0,2018,4,3,25,91,1994
894,130.01,2018,1,1,44,56,3580
895,130.01,2018,1,2,45,76,1597
896,130.01,2018,2,2,19,41,1645
897,130.01,2018,2,3,10,20,1535
898,130.01,2018,3,1,10,10,1169
899,130.01,2018,4,2,10,10,1699
900,130.01,2018,4,3,70,197,1703
901,130.02,2018,1,1,35,46,1160
902,130.02,2018,1,2,115,192,1335
903,130.02,2018,1,3,10,41,1032
904,130.02,2018,2,2,10,35,1609
905,130.02,2018,2,3,375,1215,1453
906,130.02,2018,3,2,10,15,1265
907,130.02,2018,3,3,25,86,1241
908,131.01,2018,1,0,10,15,751
909,131.01,2018,1,1,355,410,865
910,131.01,2018,1,2,245,446,1143
911,131.01,2018,1,3,29,86,977
912,131.01,2018,2,2,20,20,905
913,131.01,2018,2,3,265,982,1497
914,131.01,2018,3,3,40,182,1394
915,131.01,2018,4,3,49,177,1452
916,131.02,2018,1,0,10,10,787
917,131.02,2018,1,1,249,339,969
918,131.02,2018,1,2,255,628,1158
919,131.02,2018,1,3,25,106,917
920,131.02,2018,2,2,140,329,1356
921,131.02,2018,2,3,90,273,1493
922,131.02,2018,3,2,10,17,1243
923,131.02,2018,3,3,40,147,1509
924,131.02,2018,4,2,15,35,1577
925,131.02,2018,4,3,60,157,1477
926,132.0,2018,1,0,15,20,881
927,132.0,2018,1,1,235,359,1091
928,132.0,2018,1,2,710,1620,1213
929,132.0,2018,1,3,125,440,1402
930,132.0,2018,2,2,40,116,1304
931,132.0,2018,2,3,95,410,1577
932,132.0,2018,3,3,10,51,1158
933,132.0,2018,4,3,57,192,1496
934,133.0,2018,1,0,10,10,945
935,133.0,2018,1,1,145,213,1127
936,133.0,2018,1,2,170,385,1348
937,133.0,2018,1,3,10,35,1525
938,133.0,2018,2,1,10,15,1157
939,133.0,2018,2,2,20,66,1660
940,133.0,2018,2,3,145,461,1683
941,133.0,2018,3,3,10,25,1509
942,133.0,2018,4,2,15,25,1110
943,133.0,2018,4,3,147,461,1591
944,134.0,2018,1,2,9,10,1136
945,134.0,2018,1,3,10,20,1633
946,134.0,2018,2,2,10,41,1673
947,134.0,2018,2,3,125,344,1557
948,134.0,2018,3,3,25,71,1213
949,134.0,2018,4,2,20,30,1104
950,134.0,2018,4,3,100,309,1456
951,135.01,2018,1,0,10,11,827
952,135.01,2018,1,1,70,65,899
953,135.01,2018,1,2,190,226,1259
954,135.01,2018,2,2,30,65,1260
955,135.01,2018,2,3,635,2012,1486
956,135.01,2018,3,2,15,20,1008
957,135.01,2018,3,3,30,90,1169
958,135.01,2018,4,2,10,10,1410
959,135.01,2018,4,3,35,156,1409
960,135.02,2018,1,1,80,100,1075
961,135.02,2018,1,2,105,216,1228
962,135.02,2018,1,3,35,85,1136
963,135.02,2018,2,2,15,40,1633
964,135.02,2018,2,3,90,211,1353
965,135.02,2018,4,3,30,70,1554
966,135.03,2018,2,1,10,10,862
967,135.03,2018,2,2,55,110,1169
968,135.03,2018,2,3,70,231,1201
969,135.03,2018,3,2,10,17,1094
970,135.03,2018,4,3,50,191,1347
971,136.01,2018,1,1,20,30,877
972,136.01,2018,1,2,29,40,906
973,136.01,2018,2,3,120,351,1396
974,136.01,2018,3,3,10,10,1314
975,136.01,2018,4,1,10,15,765
976,136.01,2018,4,3,60,166,1314
977,136.02,2018,1,1,45,50,1194
978,136.02,2018,1,2,60,95,877
979,136.02,2018,1,3,15,65,1026
980,136.02,2018,2,1,15,15,1061
981,136.02,2018,2,2,95,196,1399
982,136.02,2018,2,3,190,557,1364
983,136.02,2018,3,2,10,20,1434
984,136.02,2018,3,3,25,70,1383
985,136.02,2018,5,3,10,15,811
986,137.02,2018,1,1,55,85,1146
987,137.02,2018,1,2,145,256,1394
988,137.02,2018,2,2,24,45,1184
989,137.02,2018,2,3,60,171,1431
990,137.02,2018,4,3,25,55,1347
991,137.03,2018,4,3,9,15,1736
992,137.04,2018,1,1,50,55,1100
993,137.04,2018,1,2,25,45,1174
994,137.04,2018,2,2,45,105,1472
995,137.04,2018,2,3,85,226,1407
996,137.04,2018,3,3,10,15,1058
997,137.05,2018,1,1,30,25,958
998,137.05,2018,1,2,153,306,1420
999,137.05,2018,2,1,20,25,841
1000,137.05,2018,2,2,105,241,1169
1001,137.05,2018,2,3,259,798,1377
1002,138.0,2018,1,0,20,25,854
1003,138.0,2018,1,1,630,1118,1113
1004,138.0,2018,1,2,730,1826,1201
1005,138.0,2018,1,3,15,46,1356
1006,138.0,2018,2,1,10,15,1035
1007,138.0,2018,2,2,295,900,1411
1008,138.0,2018,2,3,650,2670,1542
1009,138.0,2018,4,3,10,20,1584
1010,138.0,2018,5,1,10,7,612
1011,139.0,2018,1,1,10,10,1284
1012,139.0,2018,1,2,95,152,1492
1013,139.0,2018,2,3,45,147,1425
1014,139.0,2018,3,3,10,10,2050
1015,139.0,2018,4,2,9,30,1282
1016,139.0,2018,4,3,69,248,1580
1017,140.03,2018,1,1,10,10,1108
1018,140.03,2018,1,2,15,26,1378
1019,140.03,2018,2,3,55,202,1012
1020,140.03,2018,4,3,10,57,1517
1021,140.04,2018,2,3,30,73,1396
1022,140.04,2018,4,3,29,83,1530
1023,140.05,2018,2,3,70,202,1399
1024,140.05,2018,3,3,20,47,1289
1025,140.05,2018,4,3,19,57,1589
1026,140.06,2018,4,3,28,62,1429
1027,140.07,2018,1,2,30,36,1150
1028,140.07,2018,2,2,20,52,1286
1029,140.07,2018,2,3,100,301,1368
1030,140.07,2018,3,3,10,73,1303
1031,141.04,2018,2,3,45,109,1355
1032,141.05,2018,1,1,8,10,1371
1033,141.05,2018,1,2,34,26,1597
1034,141.05,2018,1,3,23,16,1880
1035,141.05,2018,2,1,25,41,1005
1036,141.05,2018,2,2,75,150,1340
1037,141.05,2018,2,3,290,996,1509
1038,141.05,2018,3,3,55,197,1662
1039,141.05,2018,4,3,34,135,1934
1040,141.08,2018,2,3,65,258,1545
1041,141.08,2018,3,1,10,10,1122
1042,141.08,2018,4,2,10,25,986
1043,141.08,2018,4,3,40,127,1790
1044,141.09,2018,1,1,10,16,1315
1045,141.09,2018,1,2,160,311,1386
1046,141.09,2018,1,3,20,36,1353
1047,141.09,2018,2,2,125,249,1580
1048,141.09,2018,2,3,215,695,1718
1049,141.09,2018,3,3,10,26,2059
1050,141.09,2018,4,3,35,140,1995
1051,141.1,2018,2,3,80,296,1615
1052,141.1,2018,3,3,10,52,1776
1053,141.1,2018,4,1,10,10,1053
1054,141.1,2018,4,3,20,119,1851
1055,141.11,2018,1,1,1,10,1318
1056,141.11,2018,1,2,157,311,1525
1057,141.11,2018,2,2,15,36,1496
1058,141.11,2018,2,3,185,695,1636
1059,141.11,2018,3,2,10,17,1508
1060,141.11,2018,3,3,20,88,1739
1061,141.11,2018,4,3,9,52,1982
1062,141.12,2018,1,1,15,16,1227
1063,141.12,2018,1,2,181,405,1438
1064,141.12,2018,2,1,10,16,1151
1065,141.12,2018,2,2,145,316,1486
1066,141.12,2018,2,3,275,949,1844
1067,141.12,2018,3,3,25,62,1815
1068,141.12,2018,4,3,80,290,2082
1069,141.13,2018,2,3,99,347,1711
1070,141.13,2018,4,3,53,171,1971
1071,141.14,2018,2,3,10,20,1686
1072,141.14,2018,4,2,30,61,1402
1073,141.14,2018,4,3,80,214,2154
1074,141.15,2018,1,1,20,10,1278
1075,141.15,2018,1,2,81,161,1423
1076,141.15,2018,1,3,23,21,2140
1077,141.15,2018,2,2,125,280,1523
1078,141.15,2018,2,3,365,1100,1792
1079,141.15,2018,4,2,9,16,1824
1080,141.15,2018,4,3,74,249,2360
1081,151.03,2018,1,1,55,71,654
1082,151.03,2018,1,2,50,71,1043
1083,151.03,2018,1,3,25,76,1110
1084,151.03,2018,2,3,10,15,983
1085,151.03,2018,3,1,10,10,715
1086,151.03,2018,3,3,10,10,922
1087,151.03,2018,4,2,15,20,1246
1088,151.03,2018,4,3,40,101,1782
1089,151.04,2018,1,1,35,36,1092
1090,151.04,2018,1,2,10,21,1236
1091,151.04,2018,2,3,15,41,1132
1092,151.04,2018,3,3,10,16,871
1093,151.04,2018,4,1,10,10,1036
1094,151.04,2018,4,3,45,197,1832
1095,151.05,2018,2,2,10,10,1240
1096,151.05,2018,2,3,15,52,1241
1097,151.05,2018,4,3,15,26,1669
1098,151.06,2018,1,1,55,57,891
1099,151.06,2018,1,2,20,41,1493
1100,151.06,2018,2,1,10,21,837
1101,151.06,2018,2,3,10,10,1415
1102,151.06,2018,4,3,29,88,2208
1103,151.07,2018,1,1,10,10,1162
1104,151.07,2018,1,2,55,98,1289
1105,151.07,2018,2,3,30,67,1684
1106,151.07,2018,3,3,10,36,1347
1107,151.07,2018,4,1,10,10,1222
1108,151.07,2018,4,3,102,378,2168
1109,151.08,2018,1,2,48,109,1449
1110,151.08,2018,1,3,2,6,1757
1111,151.08,2018,2,3,80,264,1783
1112,151.08,2018,4,2,15,26,1275
1113,151.08,2018,4,3,30,93,2112
1114,151.09,2018,4,2,25,71,1367
1115,151.09,2018,4,3,75,197,1739
1116,160.02,2018,1,1,95,109,918
1117,160.02,2018,1,2,155,305,1253
1118,160.02,2018,1,3,6,18,1395
1119,160.02,2018,2,2,80,150,1492
1120,160.02,2018,2,3,220,730,1564
1121,160.02,2018,4,3,24,52,1576
1122,160.03,2018,1,2,50,88,1390
1123,160.03,2018,1,3,1,4,1727
1124,160.03,2018,2,2,10,21,1409
1125,160.03,2018,2,3,179,492,1730
1126,160.03,2018,3,2,10,10,981
1127,160.03,2018,3,3,10,16,728
1128,160.03,2018,4,0,10,3,1579
1129,160.03,2018,4,3,49,166,2258
1130,160.04,2018,1,1,19,21,892
1131,160.04,2018,1,2,30,52,1024
1132,160.04,2018,1,3,10,21,1236
1133,160.04,2018,2,2,65,135,1297
1134,160.04,2018,2,3,275,797,1441
1135,160.04,2018,3,3,10,10,891
1136,160.04,2018,4,3,20,72,1485
1137,160.05,2018,1,1,45,52,1020
1138,160.05,2018,1,2,135,223,1170
1139,160.05,2018,1,3,10,47,1547
1140,160.05,2018,2,3,20,47,1356
1141,160.05,2018,4,2,10,31,945
1142,160.05,2018,4,3,9,31,1523
1143,160.06,2018,1,1,329,450,1834
1144,160.06,2018,1,2,480,833,2049
1145,160.06,2018,1,3,25,47,1282
1146,160.06,2018,2,2,19,57,1366
1147,160.06,2018,2,3,185,538,1482
1148,160.06,2018,4,3,10,21,1692
1149,160.06,2018,5,2,10,10,1065
1150,160.07,2018,1,2,15,16,1178
1151,160.07,2018,2,2,25,47,1160
1152,160.07,2018,2,3,74,181,1492
1153,160.07,2018,4,3,20,41,1820
1154,160.09,2018,1,2,10,20,1610
1155,160.09,2018,4,3,49,129,2085
1156,160.1,2018,1,2,15,36,1554
1157,160.1,2018,2,2,10,36,1395
1158,160.1,2018,2,3,244,745,1721
1159,160.1,2018,4,3,45,171,1880
1160,160.11,2018,1,1,25,36,1160
1161,160.11,2018,1,2,40,78,986
1162,160.11,2018,2,2,10,31,1403
1163,160.11,2018,2,3,174,538,1668
1164,160.11,2018,4,3,25,114,2113
1165,161.03,2018,1,2,10,20,1049
1166,161.03,2018,2,1,10,10,1026
1167,161.03,2018,2,2,40,93,863
1168,161.03,2018,2,3,145,518,1530
1169,161.03,2018,4,1,10,10,903
1170,161.03,2018,4,2,20,26,1192
1171,161.03,2018,4,3,20,88,1602
1172,161.04,2018,1,2,10,21,1634
1173,161.04,2018,2,3,84,238,1139
1174,161.04,2018,4,2,10,10,1383
1175,161.04,2018,4,3,14,83,1887
1176,161.05,2018,2,2,10,10,1437
1177,161.05,2018,2,3,114,352,1787
1178,161.05,2018,3,3,10,10,1124
1179,161.05,2018,4,3,38,124,1745
1180,161.06,2018,1,1,10,13,1153
1181,161.06,2018,1,2,45,72,1347
1182,161.06,2018,2,2,70,129,1436
1183,161.06,2018,2,3,175,559,1717
1184,161.06,2018,4,2,8,26,1173
1185,161.06,2018,4,3,29,83,2060
1186,162.01,2018,1,2,10,10,1183
1187,162.01,2018,2,2,10,16,1531
1188,162.01,2018,2,3,189,580,1871
1189,162.01,2018,3,3,60,171,1581
1190,162.01,2018,4,3,45,129,1392
1191,162.02,2018,2,2,35,67,957
1192,162.02,2018,2,3,89,300,1458
1193,162.02,2018,3,2,10,16,1360
1194,162.02,2018,3,3,60,228,1237
1195,162.02,2018,4,3,35,104,1389
1196,170.01,2018,1,1,10,10,1376
1197,170.01,2018,1,2,47,41,1549
1198,170.01,2018,1,3,31,26,1912
1199,170.01,2018,2,2,34,92,1567
1200,170.01,2018,2,3,85,251,1391
1201,170.01,2018,3,3,10,31,1102
1202,170.01,2018,4,3,28,67,1406
1203,170.03,2018,2,1,10,10,995
1204,170.03,2018,2,3,15,31,1556
1205,170.03,2018,3,3,10,26,1431
1206,170.03,2018,4,2,10,26,1522
1207,170.03,2018,4,3,45,128,1467
1208,170.04,2018,1,1,15,10,957
1209,170.04,2018,1,2,10,20,1190
1210,170.04,2018,2,3,20,51,1405
1211,170.04,2018,4,2,20,26,1303
1212,170.04,2018,4,3,55,149,1462
1213,170.05,2018,2,3,60,225,1477
1214,170.05,2018,4,3,29,102,1590
1215,170.08,2018,2,3,10,10,1334
1216,170.09,2018,2,1,20,41,1257
1217,170.09,2018,2,2,15,26,1274
1218,170.09,2018,2,3,85,236,1461
1219,170.09,2018,4,1,10,10,953
1220,170.09,2018,4,3,35,138,1686
1221,170.1,2018,1,1,100,123,1036
1222,170.1,2018,1,2,120,215,1263
1223,170.1,2018,2,1,10,10,1038
1224,170.1,2018,2,3,30,108,1461
1225,170.1,2018,4,3,30,67,1694
1226,170.11,2018,2,2,20,51,1351
1227,170.11,2018,2,3,40,67,1117
1228,170.11,2018,4,2,9,19,1368
1229,170.11,2018,4,3,10,46,1839
1230,170.12,2018,2,2,10,15,1676
1231,170.12,2018,2,3,94,323,1669
1232,170.13,2018,2,3,95,292,1572
1233,170.13,2018,4,3,14,61,2037
1234,171.03,2018,1,1,20,36,1024
1235,171.03,2018,1,2,20,30,1517
1236,171.03,2018,3,1,25,30,844
1237,171.03,2018,3,3,20,66,1120
1238,171.03,2018,4,1,20,36,1012
1239,171.03,2018,4,2,54,96,1285
1240,171.03,2018,4,3,104,299,1737
1241,171.05,2018,1,1,10,15,1418
1242,171.05,2018,1,2,20,46,1507
1243,171.05,2018,2,2,10,15,1686
1244,171.05,2018,2,3,90,259,1892
1245,171.05,2018,3,2,10,10,1645
1246,171.05,2018,3,3,10,15,1963
1247,171.05,2018,4,2,44,56,1329
1248,171.05,2018,4,3,9,25,2364
1249,171.06,2018,1,1,39,51,531
1250,171.06,2018,1,2,30,46,1002
1251,171.06,2018,1,3,15,41,981
1252,171.06,2018,2,2,10,10,809
1253,171.06,2018,2,3,10,20,1857
1254,171.06,2018,3,2,15,15,776
1255,171.06,2018,4,1,10,20,1517
1256,171.06,2018,4,2,65,123,1247
1257,171.06,2018,4,3,79,195,1858
1258,171.07,2018,2,2,10,31,1480
1259,171.07,2018,2,3,69,241,1682
1260,171.07,2018,4,3,25,87,2035
1261,171.09,2018,1,1,19,26,1109
1262,171.09,2018,1,2,127,272,1565
1263,171.09,2018,2,2,20,31,1398
1264,171.09,2018,2,3,198,641,1866
1265,171.09,2018,4,3,20,92,2340
1266,171.1,2018,1,1,15,26,1248
1267,171.1,2018,1,2,145,287,1364
1268,171.1,2018,2,2,50,118,1675
1269,171.1,2018,2,3,165,507,1808
1270,171.1,2018,4,3,30,97,2391
1271,180.01,2018,1,0,1,1,753
1272,180.01,2018,1,1,136,152,746
1273,180.01,2018,1,2,301,462,1130
1274,180.01,2018,1,3,49,122,1078
1275,180.01,2018,2,2,50,96,1006
1276,180.01,2018,2,3,25,81,1168
1277,180.01,2018,3,2,25,66,979
1278,180.01,2018,3,3,65,243,1607
1279,180.01,2018,4,2,30,61,1350
1280,180.01,2018,4,3,105,370,1788
1281,180.02,2018,1,1,100,117,896
1282,180.02,2018,1,2,225,360,1184
1283,180.02,2018,1,3,25,91,1444
1284,180.02,2018,2,1,10,18,959
1285,180.02,2018,2,2,29,61,1202
1286,180.02,2018,2,3,36,91,1567
1287,180.02,2018,3,2,15,25,955
1288,180.02,2018,4,2,10,20,1075
1289,180.02,2018,4,3,95,274,1565
1290,181.01,2018,1,1,40,46,692
1291,181.01,2018,1,2,10,10,1326
1292,181.01,2018,1,3,10,20,1709
1293,181.01,2018,3,2,10,15,1545
1294,181.01,2018,4,1,15,20,919
1295,181.01,2018,4,2,10,10,1330
1296,181.01,2018,4,3,80,238,1802
1297,181.02,2018,1,1,45,46,801
1298,181.02,2018,1,2,70,117,974
1299,181.02,2018,1,3,30,101,1009
1300,181.02,2018,2,1,10,17,1047
1301,181.02,2018,3,2,25,51,916
1302,181.02,2018,3,3,15,30,1150
1303,181.02,2018,4,1,10,10,936
1304,181.02,2018,4,2,20,36,1248
1305,181.02,2018,4,3,60,188,1706
1306,182.0,2018,1,2,15,36,1255
1307,182.0,2018,1,3,10,25,1601
1308,182.0,2018,3,3,10,20,1551
1309,182.0,2018,4,1,10,10,910
1310,182.0,2018,4,2,35,56,1285
1311,182.0,2018,4,3,65,193,1650
1312,183.0,2018,1,1,50,66,944
1313,183.0,2018,1,2,84,142,1273
1314,183.0,2018,1,3,26,15,1445
1315,183.0,2018,3,2,15,20,1104
1316,183.0,2018,3,3,10,41,1651
1317,183.0,2018,4,2,20,36,1611
1318,183.0,2018,4,3,40,132,1870
1319,184.0,2018,1,1,90,112,842
1320,184.0,2018,1,2,235,417,1099
1321,184.0,2018,1,3,15,51,941
1322,184.0,2018,2,1,10,17,858
1323,184.0,2018,2,2,20,46,1149
1324,184.0,2018,2,3,20,71,1416
1325,184.0,2018,3,1,10,10,850
1326,184.0,2018,3,2,40,87,1082
1327,184.0,2018,3,3,10,10,782
1328,184.0,2018,4,1,10,10,882
1329,184.0,2018,4,2,10,25,1182
1330,184.0,2018,4,3,65,229,1803
1331,190.01,2018,1,1,45,51,878
1332,190.01,2018,1,2,15,20,978
1333,190.01,2018,2,2,15,31,1441
1334,190.01,2018,3,3,20,31,802
1335,190.01,2018,4,1,10,10,1289
1336,190.01,2018,4,2,15,41,1291
1337,190.01,2018,4,3,120,387,1727
1338,190.02,2018,1,2,10,10,1491
1339,190.02,2018,1,3,10,28,1667
1340,190.02,2018,2,1,10,10,1144
1341,190.02,2018,3,1,15,15,987
1342,190.02,2018,3,3,20,46,1501
1343,190.02,2018,4,2,20,51,1284
1344,190.02,2018,4,3,34,132,2105
1345,190.02,2018,5,2,10,10,865
1346,191.01,2018,3,2,10,10,1324
1347,191.01,2018,4,2,30,46,1311
1348,191.01,2018,4,3,29,102,2376
1349,191.02,2018,1,1,35,36,749
1350,191.02,2018,1,2,15,41,1191
1351,191.02,2018,2,2,10,20,1141
1352,191.02,2018,4,1,15,20,802
1353,191.02,2018,4,2,20,56,1388
1354,191.02,2018,4,3,45,153,1700
1355,191.02,2018,5,1,10,10,721
1356,200.01,2018,1,3,8,10,1558
1357,200.01,2018,4,1,10,10,1145
1358,200.01,2018,4,2,10,25,1522
1359,200.01,2018,4,3,35,86,1832
1360,200.02,2018,1,1,31,25,942
1361,200.02,2018,1,2,0,0,1168
1362,200.02,2018,4,2,45,96,1428
1363,200.02,2018,4,3,99,284,1719
1364,201.0,2018,1,1,30,25,839
1365,201.0,2018,1,2,10,15,942
1366,201.0,2018,2,1,10,10,911
1367,201.0,2018,2,2,15,20,1188
1368,201.0,2018,2,3,15,20,1180
1369,201.0,2018,3,1,15,20,1112
1370,201.0,2018,4,1,10,10,1017
1371,201.0,2018,4,3,42,111,1826
1372,300.0,2018,1,1,25,25,857
1373,300.0,2018,1,2,15,15,1356
1374,300.0,2018,2,1,10,25,1140
1375,300.0,2018,2,2,50,96,1638
1376,300.0,2018,2,3,110,279,1746
1377,300.0,2018,3,3,10,20,1504
1378,300.0,2018,4,1,10,15,925
1379,300.0,2018,4,2,45,76,1147
1380,300.0,2018,4,3,100,273,2015
1381,301.0,2018,1,2,15,30,1216
1382,301.0,2018,4,2,20,41,1174
1383,301.0,2018,4,3,80,192,1597
1384,302.0,2018,1,2,10,10,1322
1385,302.0,2018,2,2,10,15,1473
1386,302.0,2018,4,1,19,20,948
1387,302.0,2018,4,2,47,101,1266
1388,302.0,2018,4,3,104,294,1766
1389,400.0,2018,1,1,115,163,892
1390,400.0,2018,1,2,170,265,1180
1391,400.0,2018,1,3,30,82,1277
1392,400.0,2018,2,2,15,15,1141
1393,400.0,2018,2,3,55,184,1441
1394,400.0,2018,3,1,15,15,792
1395,400.0,2018,3,2,25,36,1017
1396,400.0,2018,3,3,50,133,1340
1397,400.0,2018,4,1,13,20,1077
1398,400.0,2018,4,2,95,184,1321
1399,400.0,2018,4,3,209,617,1691
1400,400.0,2018,5,2,10,15,979
